,Course Name,Course Link,Course School,Course Skills,Course Level,Course Type,Course Cost,Course Lenght,Instructors
0,Establishing Data Infrastructure,https://www.udacity.com/course/establishing-data-infrastructure--nd030-2,School of Business,"Data Pipelines, Data Consumers, Data Producers, Data Strategy, Product Management",intermediate,COURSE TWO OF THREE,,1 Month,Vaishali Agarwal
1,Intermediate JavaScript,https://www.udacity.com/course/intermediate-javascript-nanodegree--nd032,School of Programming,"Functional Programming, DOM, Data Structures, Asynchronous Programming, Synchronous Programming",intermediate,Nanodegree Program,,3 months,"Alyssa Hope, Rachel Manning, Andrew Wong, Richard Kalehoff"
2,Monetization Strategy,https://www.udacity.com/course/monetization-strategy--nd037-3,School of Business,"Product Management, Monetization Models, Pricing Strategy, Buyer Personas, Lifetime Value, Customer Acquisition Cost, Pricing Metrics, Growth Strategy",intermediate,COURSE THREE OF THREE,,1 Month,Rizwan Ansary
3,Applying Data Science to Product Management,https://www.udacity.com/course/applying-data-science-to-product-management--nd030-1,School of Business,"Data Science, Product Management, Data Visualization, Product Strategy",intermediate,COURSE ONE OF THREE,,1 Month,JJ Miclat
4,Data Product Manager,https://www.udacity.com/course/data-product-manager-nanodegree--nd030,School of Business,"Data Science, Product Management, Product Design, Data Visualization, User Journey Maps",intermediate,Nanodegree Program,,3 Months,"JJ Miclat, Vaishali Agarwal, Anne Rynearson"
5,SQL,https://www.udacity.com/course/learn-sql--nd072,School of Business,"SQL, PostgreSQL, JOINs, Subqueries, Window Functions, Partitions, Data Cleaning, DDL, DML, Relational and Non-Relational Databases",beginner,Nanodegree Program,,2 months,"Malavica Sridhar, Ziad Saab, Derek Steer"
6,Activation and Retention Strategy,https://www.udacity.com/course/activation-and-retention-strategy--nd037-2,School of Business,"Product Management, Activation Funnels, Retention Analysis, Churn Analysis, Segment Analysis, User Engagement, Cohort Analysis",intermediate,COURSE TWO OF THREE,,1 Month,
7,AI for Healthcare,https://www.udacity.com/course/ai-for-healthcare-nanodegree--nd320,School of Artificial Intelligence,"Artificial Intelligence, 2D Medical Imaging, 3D Medical Imaging, Electronic Health Record Data, Deep Learning, Wearable Device Data, Supervised Learning",advanced,Nanodegree Program,,4 months,"Nikhil Bikhchandani, Emily Lindemer, Mazen Zawaideh, Ivan Tarapov, Michael DAndrea"
8,AWS Cloud Architect,https://www.udacity.com/course/aws-cloud-architect-nanodegree--nd063,School of Cloud Computing,"Cloud Infrastructure, Cloud Security, AWS, CloudFormation, High Availability Infrastructure, Serverless Computing",advanced,Nanodegree Program,,3 months,"Tom Verbiscer, Leslie Bell, Mehdi Razvi"
9,Intel® Edge AI for IoT Developers,https://www.udacity.com/course/intel-edge-ai-for-iot-developers-nanodegree--nd131,School of Artificial Intelligence,"Edge AI, Computer Vision, Deep Learning, Edge Computing, AI Modeling, Deep Neural Networks (DNN), Convolutional Neural Networks (CNN), IoT, Intel® Distribution of OpenVINO™ Toolkit, Intel® DevCloud for the Edge",advanced,Nanodegree Program,,3 Months,"Stewart Christie, Michael Virgo, Soham Chatterjee, Vaidheeswaran Archana"
10,Growth and Acquisition Strategy,https://www.udacity.com/course/growth-and-acquisition-strategy--nd037-1,School of Business,"Product Management, Growth Strategy, Acquisition Strategy, Performance Optimization, Audience Definition, A/B Testing",intermediate,COURSE ONE OF THREE,,1 Month,
11,Growth Product Manager,https://www.udacity.com/course/growth-product-manager-nanodegree--nd037,School of Business,"Product Management, Growth Strategy, Customer Acquisition, Activation Strategy, Monetization Strategy, Performance Optimization",intermediate,Nanodegree Program,,3 Months,
12,Product Manager,https://www.udacity.com/course/product-manager-nanodegree--nd036,School of Business,"Product Strategy, Product Design, Product Development, Design Sprint, Product Launch",beginner,Nanodegree Program,,4 Months,"Anastasia Root, Alex King, Yuva Murugan"
13,AI for Business Leaders,https://www.udacity.com/course/ai-for-business-leaders--nd054,School of Business,"Artificial Intelligence, Machine Learning, Business Strategy, Data Labeling, Data Modeling",intermediate,Executive Program,,4 - 8 Weeks,"William Ross, Luis Serrano, Josh Bernhard"
14,Intro to Machine Learning with TensorFlow,https://www.udacity.com/course/intro-to-machine-learning-with-tensorflow-nanodegree--nd230,School of Artificial Intelligence,"TensorFlow, Deep Learning, scikit-learn, Supervised Learning, Unsupervised Learning",beginner,Nanodegree Program,,3 months ,"Cezanne Camacho, Mat Leonard, Luis Serrano, Dan Romuald Mbanga, Jennifer Staab, Sean Carrell, Josh Bernhard, Jay Alammar, Andrew Paster, Juan Delgado, Michael Virgo"
15,UX Designer,https://www.udacity.com/course/ux-designer-nanodegree--nd578,School of Business,"User Research, User Experience, Prototyping, Interactive Design, User Interface Design, Usability Testing",beginner,Nanodegree Program,,3 Months,"Shuang Liu, Gabriel Ruttner, Michael Dedrick, Melissa Hui"
16,Data Streaming,https://www.udacity.com/course/data-streaming-nanodegree--nd029,School of Data Science,"Data Streaming, Spark, Kafka, Kafka Streaming, Spark Streaming",advanced,Nanodegree Program,,2 Months,"Ben Goldberg, Judit Lantos, David Drummond, Jillian Kim"
17,Front End Web Developer,https://www.udacity.com/course/front-end-web-developer-nanodegree--nd0011,School of Programming,"JavaScript, HTML, CSS, Webpack, Flexbox, Node, Object-Oriented Programming",intermediate,Nanodegree Program,,4 Months,"Daniel Silber-Baker, Rachel Manning, Alyssa Hope, Richard Kalehoff"
18,Full Stack Web Developer,https://www.udacity.com/course/full-stack-web-developer-nanodegree--nd0044,School of Programming,"Python, JavaScript, PostgreSQL, Flask, Docker, Kubernetes",intermediate,Nanodegree Program,,4 Months,"Amy Hua, Caryn McCarthy, Gabriel Ruttner, Kennedy Behrman"
19,Java Web Developer,https://www.udacity.com/course/java-developer-nanodegree--nd035,School of Programming,"Java, Spring Boot, Rest API, MySQL, MongoDB",intermediate,Nanodegree Program,,4 Months,"Kesha Williams, Sareeta Panda, Peter Zastoupil, Alex Pritchard"
20,AI Product Manager,https://www.udacity.com/course/ai-product-manager-nanodegree--nd088,School of Artificial Intelligence,"AI Products, Training ML Models, Annotating Datasets, Prototyping a Product",beginner,Nanodegree Program,,2 Months,"Alyssa Simpson-Rochwerger, Meeta Dash, Kiran Vajapey, Kirsten Gokay, Andrea Butkovic"
21,Sensor Fusion Engineer,https://www.udacity.com/course/sensor-fusion-engineer-nanodegree--nd313,School of Autonomous Systems,"Perception, Lidar, Radar, Sensors, Computer Vision",advanced,Nanodegree Program,,4 Months,"David Silver, Stephen Welch, Andreas Haja, Abdullah Zaidi, Aaron Brown"
22,Data Visualization,https://www.udacity.com/course/data-visualization-nanodegree--nd197,School of Data Science,"Data Visualization, Tableau, Dashboards, Data Storytelling",beginner,Nanodegree Program,,4 Months,"Mat Leonard, Josh Bernhard, Robert Crocker, Malavica Sridhar, Ben Jones"
23,Cloud Developer,https://www.udacity.com/course/cloud-developer-nanodegree--nd9990,School of Cloud Computing,"AWS, Microservices, Serverless Architecture, Kubernetes",intermediate ,Nanodegree Program,,4 months,"Kesha Williams, Gabriel Ruttner, Justin Lee, Ivan Mushketyk"
24,Cloud DevOps Engineer,https://www.udacity.com/course/cloud-dev-ops-nanodegree--nd9991,School of Cloud Computing,"AWS, Configuration Management with Anisble, Continuous Integration / Continuous Deployment, Microservices with Kubernetes, CloudFormation",intermediate ,Nanodegree Program,,4 Months,"Kesha Williams, Carlos Rivas, Noah Gift, Byron Sommardahl"
25,Intro to Machine Learning with PyTorch,https://www.udacity.com/course/intro-to-machine-learning-nanodegree--nd229,School of Artificial Intelligence,"Introduction to Machine Learning, Supervised Learning, Deep Learning, Unsupervised Learning",beginner,Nanodegree Program,,3 months ,"Cezanne Camacho, Mat Leonard, Luis Serrano, Dan Romuald Mbanga, Jennifer Staab, Sean Carrell, Josh Bernhard, Jay Alammar, Andrew Paster"
26,C++,https://www.udacity.com/course/c-plus-plus-nanodegree--nd213,School of Autonomous Systems,"Data Structures & Algorithms, Memory Management, Concurrency, Object Oriented Programming, C++",intermediate,Nanodegree Program,,4 Months,"David Silver, Stephen Welch, Andreas Haja"
27,Data Structures and Algorithms,https://www.udacity.com/course/data-structures-and-algorithms-nanodegree--nd256,School of Programming,"Data Structures and Algorithms, Problem Solving, Interview Practice Problems, Python",intermediate,Nanodegree Program,,4 Months,"Brynn Claypoole, Abe Feinberg, Kyle Stewart-Franz"
28,Programming for Data Science with R,https://www.udacity.com/course/programming-for-data-science-nanodegree-with-R--nd118,School of Data Science,"R, SQL, Git",beginner,Nanodegree Program,,3 Months,"Josh Bernhard, Derek Steer, Juno Lee, Richard Kalehoff, Karl Krueger"
29,Data Engineer,https://www.udacity.com/course/data-engineer-nanodegree--nd027,School of Data Science,"Data Modeling, Data Pipelines, Data Lakes, Spark, Airflow",intermediate,Nanodegree Program,,5 Months,"Amanda Moran, Ben Goldberg, Sameh El-Ansary, Olli Iivonen, David Drummond, Judit Lantos, Juno Lee"
30,Marketing Analytics,https://www.udacity.com/course/marketing-analytics-nanodegree--nd028,School of Business,"Google Analytics, Excel & Spreadsheets, Data Visualization, Customer Segmentation",beginner,Nanodegree Program,,3 Months,"Brad Batesole, Josh Bernhard, Dana Sheahen, Mat Leonard, Anke Audenaert"
31,Introduction to Programming,https://www.udacity.com/course/intro-to-programming-nanodegree--nd000,School of Programming,"Introduction to Programming, HTML, CSS, Python",beginner,Nanodegree Program,,4 Months,"Karl Krueger, Kelly Howard, Julia Van Cleve, Abe Feinberg, James Parkes, Richard Kalehoff"
32,Data Analyst,https://www.udacity.com/course/data-analyst-nanodegree--nd002,School of Data Science,"Data Wrangling, Matplotlib, Bootstrapping, Pandas & NumPy, Statistics",intermediate,Nanodegree Program,,4 Months,"Josh Bernhard, Sebastian Thrun, Derek Steer, Juno Lee, Mike Yi, David Venturi, Sam Nelson"
33,iOS Developer,https://www.udacity.com/course/ios-developer-nanodegree--nd003,School of Programming,"Swift programming, Core Data, UIKit, iOS networking, app publishing, User interfaces, Local Persistence, APIs",intermediate,Nanodegree Program,,6 months,"Jarrod Parkes, Gabrielle Miller-Messner, Kate Rotondo, Owen LaRosa"
34,Predictive Analytics for Business,https://www.udacity.com/course/predictive-analytics-for-business-nanodegree--nd008,School of Business,"Data Wrangling, Classification, A/B Testing, Forecasting, Segmentation",intermediate,Nanodegree Program,,3 months,"Patrick Nussbaumer, Ben Burkholder, Maureen Wolfson, Rod Light, Tony Moses"
35,Machine Learning Engineer,https://www.udacity.com/course/machine-learning-engineer-nanodegree--nd009t,School of Artificial Intelligence,"Machine Learning, Supervised Learning, Unsupervised Learning, Deep Learning",advanced,Nanodegree Program,,3 months ,"Cezanne Camacho, Mat Leonard, Luis Serrano, Dan Romuald Mbanga, Jennifer Staab, Sean Carrell, Josh Bernhard, Jay Alammar, Andrew Paster"
36,Self Driving Car Engineer,https://www.udacity.com/course/self-driving-car-engineer-nanodegree--nd013,School of Autonomous Systems,"Computer Vision, Deep Learning, Sensor Fusion, Localization, Self-Driving Cars",advanced,Nanodegree Program,,6 months,"Sebastian Thrun, David Silver, Ryan Keenan, Cezanne Camacho, Mercedes-Benz, NVIDIA, Uber ATG"
37,Digital Marketing,https://www.udacity.com/course/digital-marketing-nanodegree--nd018,School of Business,"Digital Marketing, Social Media Marketing, Facebook Marketing, Search Engine Optimization, Search Engine Marketing, Display Ads, Search Ads",beginner,Nanodegree Program,,3 Months,"Anke Audenaert, Daniel Kob, Julia Aspinal"
38,React,https://www.udacity.com/course/react-nanodegree--nd019,School of Programming,"React, Redux, React Native",intermediate,Nanodegree Program,,4 Months,"Andrew Wong, Tyler McGinnis, Richard Kalehoff"
39,Data Scientist,https://www.udacity.com/course/data-scientist-nanodegree--nd025,School of Data Science,"Machine Learning, Deep Learning, Software Engineering",advanced,Nanodegree Program,,4 Months,"Josh Bernhard, Juno Lee, Luis Serrano, Andrew Paster, Mike Yi, David Drummond, Judit Lantos"
40,AI Programming with Python,https://www.udacity.com/course/ai-programming-python-nanodegree--nd089,School of Artificial Intelligence,"Python, NumPy, Pandas, Matplotlib, PyTorch",beginner,Nanodegree Program,,3 Months,"Ortal Arel, Luis Serrano, Jennifer Staab, Juan Delgado, Grant Sanderson, Mat Leonard, Mike Yi, Juno Lee, Andrew Paster"
41,Business Analytics,https://www.udacity.com/course/business-analytics-nanodegree--nd098,School of Business,"Excel & Spreadsheets, SQL, Data Visualization, Data Dashboards",beginner,Nanodegree Program,,3 Months,"Josh Bernhard, Dana Sheahan, Mat Leonard, Derek Steer, Sam Nelson"
42,Deep Learning,https://www.udacity.com/course/deep-learning-nanodegree--nd101,School of Artificial Intelligence,"Deep Learning, Neural Networks, Jupyter Notebooks, CNNs, GANs",intermediate,Nanodegree Program,,4 months,"Mat Leonard, Luis Serrano, Cezanne Camacho, Alexis Cook, Jennifer Staab, Sean Carrell, Ortal Arel, Jay Alammar"
43,Programming for Data Science with Python,https://www.udacity.com/course/programming-for-data-science-nanodegree--nd104,School of Data Science,"Python, Numpy & Pandas, SQL, Git & GitHub",beginner,Nanodegree Program,,3 Months,"Josh Bernhard, Derek Steer, Juno Lee, Richard Kalehoff, Karl Krueger"
44,Intro to Self-Driving Cars,https://www.udacity.com/course/intro-to-self-driving-cars--nd113,School of Autonomous Systems,"Computer Vision, Machine Learning, Vehicle Motion, Control",intermediate,Nanodegree Program,,4 Months,"Sebastian Thrun, Andy Brown, Cezanne Camacho, Andrew Paster, Anthony Navarro, Elecia White, Tarin Ziyaee"
45,Blockchain Developer,https://www.udacity.com/course/blockchain-developer-nanodegree--nd1309,School of Programming,"Ethereum Blockchain, Blockchain Architecture, Data Auditing",intermediate,Nanodegree Program,,4 Months,"Brandy Camacho, Jessica Lin, Joe Nyzio, Rachna Ralhan, PK Rasam, Nik Kalyani, Elena Nadolinski"
46,Robotics Software Engineer,https://www.udacity.com/course/robotics-software-engineer--nd209,School of Autonomous Systems,"C++, ROS, Localization, Mapping, SLAM, Navigation, Path Planning, Robot Operating System, Robotics",advanced,Nanodegree Program,,4 Months,"Sebastian Thrun, David Silver, Karim Chamaa, Julia Chernushevich"
47,Flying Car and Autonomous Flight Engineer,https://www.udacity.com/course/flying-car-nanodegree--nd787,School of Autonomous Systems,"3D Motion Planning, Controls, Estimation, Kalman Filters",advanced,Nanodegree Program,,4 Months,"Nicholas Roy, Angela Schoellig, Sebastian Thrun, Raffaello D’Andrea, Sergei Lupashin, Jake Lussier, Andy Brown"
48,Android Developer,https://www.udacity.com/course/android-developer-nanodegree-by-google--nd801,School of Programming,"Android Development, Databases, Android Networking Libraries, Crash Analysis, Multilingual Support, Android Libraries, Gradle, APIs",intermediate,Nanodegree Program,,6 months,"James Williams, Reto Meier, Dan Galpin, Jocelyn Becker, Katherine Kuan, Lyla Fujiwara, Jennie Kim Eldon, Jessica Lin, Asser Samak, Nikita Gamolsky, Cezanne Camacho, Jeremy Silver, Jose Nieto"
49,Android Basics,https://www.udacity.com/course/android-basics-nanodegree-by-google--nd803,School of Programming,"Android Development, Java programming, Android Studio, XML layouts, Android Views",beginner,Nanodegree Program,,3 Months,"Katherine Kuan, Jessica Lin, Jennie Kim Eldon, Asser Samak, Lyla Fujiwara, Joe Lewis, Vicky Tu, Chris Lei"
50,Artificial Intelligence for Trading,https://www.udacity.com/course/ai-for-trading--nd880,School of Artificial Intelligence,"Momentum Trading Strategy, Smart Beta, Alpha Factors, Natural Language Processing, Deep Learning, Neural Networks",intermediate,Nanodegree Program,,6 Months,"Cindy Lin, Arpan Chakraborty, Elizabeth Otto Hamel, Eddy Shyu, Brok Bucholtz, Parnian Barekatain, Juan Delgado, Luis Serrano, Cezanne Camacho, Mat Leonard"
51,Computer Vision,https://www.udacity.com/course/computer-vision-nanodegree--nd891,School of Artificial Intelligence,"Convolutional Neural Networks (CNN), Recurrent Neural Networks (RNN), Simultaneous Localization and Mapping (SLAM), Object Tracking, Image Classification, Deep Learning",advanced,Nanodegree Program,,3 Months,"Sebastian Thrun, Cezanne Camacho, Alexis Cook, Juan Delgado, Jay Alammar, Ortal Arel, Luis Serrano"
52,Natural Language Processing,https://www.udacity.com/course/natural-language-processing-nanodegree--nd892,School of Artificial Intelligence,"Machine Learning, Speech Recognition, Sentiment Analysis, Machine Translation, Part of Speech Tagging",advanced,Nanodegree Program,,3 Months,"Luis Serrano, Jay Alammar, Arpan Chakraborty, Dana Sheahen"
53,Deep Reinforcement Learning,https://www.udacity.com/course/deep-reinforcement-learning-nanodegree--nd893,School of Artificial Intelligence,"Reinforcement Learning, Neural Networks, PyTorch, Deep Q-Networks (DQN), Deep Deterministic Policy Gradients (DDPG)",advanced,Nanodegree Program,,4 Months,"Alexis Cook, Arpan Chakraborty, Mat Leonard, Luis Serrano, Cezanne Camacho, Dana Sheahan, Chhavi Yadav, Juan Delgado, Miguel Morales"
54,Artificial Intelligence,https://www.udacity.com/course/ai-artificial-intelligence-nanodegree--nd898,School of Artificial Intelligence,"AI Algorithms, Search Algorithms, Optimization, Planning, Pattern Recognition",advanced,Nanodegree Program,,3 Months,"Peter Norvig, Sebastian Thrun, Thad Starner"
55,Intro to Cloud Computing,https://www.udacity.com/course/intro-to-cloud-computing--ud080,School of Cloud Computing,"Cloud Computing, AWS Console, Compute Services, Serverless Architecture, Cloud Databases",beginner,Free Course,Free,2 Months,Ami Mahloof
56,Intel® Edge AI Fundamentals with OpenVINO™,https://www.udacity.com/course/intel-edge-AI-fundamentals-with-openvino--ud132,School of Artificial Intelligence,"Edge AI, Intel OpenVINO, Computer Vision, Deep Learning",intermediate,Free Course,Free,1 month,Michael Virgo
57,Product Manager Interview Preparation,https://www.udacity.com/course/product-manager-interview-preparation--ud034,Career Advancement,"Product Management, Interview Preparation, Career Advancement, Product Strategy, Technical Interview",beginner,Free Course,Free,1 week,"Meeta Dash, Scott Ings, Nargis Sakhibova, Shiv Patel, Yuva Murugan"
58,Managing Remote Teams with Upwork,https://www.udacity.com/course/managing-remote-teams-with-upwork--ud942,School of Business,"Team Management, Workforce Training, Business Strategy, Agile Management, Remote Work",beginner,Free Course,Free,1 hour,"James Richards, Mike Paylor, Kirk Werner"
59,Self-Driving Fundamentals: Featuring Apollo,https://www.udacity.com/course/self-driving-car-fundamentals-featuring-apollo--ud0419,School of Autonomous Systems,"Apollo HD Map, Localization, Perception, Prediction, Planning, Control",beginner,Free Course,Free,4 week,"Sebastian Thrun, David Silver, Jingao Wang, Jinghao Miao, David Zhou, Ning Qu, Weide Zhang, Kecheng Xu, Liangliang Zhang, Qi Luo"
60,AWS DeepRacer,https://www.udacity.com/course/aws-deepracer--ud014,School of Artificial Intelligence,"Machine Learning, Reinforcement Learning, AWS DeepRacer",intermediate,Free Course,Free,2 weeks,"Blane Sundred, DeClercq Wentzel"
61,Spark,https://www.udacity.com/course/learn-spark-at-udacity--ud2002,School of Data Science,"Spark, SparkSQL, Spark Dataframes, Data Wrangling, Machine Learning",intermediate,Free Course,Free,10 hours,"David Drummond, Judit Lantos"
62,Tales from the Genome,https://www.udacity.com/course/tales-from-the-genome--bio110,,"Genetics, DNA, Gene regulation",beginner,Free Course,Free,3 months,"Joanna Mountain, Uta Francke, 23andMe Team, Matthew Cook, Lauren Castellano"
63,Design of Computer Programs,https://www.udacity.com/course/design-of-computer-programs--cs212,School of Programming,"Computer Program Design, Python, Design Process",advanced,Free Course,Free,2 months,Peter Norvig
64,Intro to Algorithms,https://www.udacity.com/course/intro-to-algorithms--cs215,School of Programming,"Algorithms, Social Networks, Graph Algorithms",intermediate,Free Course,Free,4 Months,Michael Littman
65,Differential Equations in Action,https://www.udacity.com/course/differential-equations-in-action--cs222,School of Autonomous Systems,"Math, Differential Equations",intermediate,Free Course,Free,2 months,"Jörn Loviscach, Miriam Swords Kalk"
66,Software Testing,https://www.udacity.com/course/software-testing--cs258,School of Programming,"Software Testing, Debugging, Code Coverage",intermediate,Free Course,Free,1 months,"John Regehr, Sean Bennett"
67,Software Debugging,https://www.udacity.com/course/software-debugging--cs259,School of Programming,"Debugging, Python, Automated Debugging",intermediate,Free Course,Free,2 months,"Andreas Zeller, Gundega Dekena"
68,Programming Languages,https://www.udacity.com/course/programming-languages--cs262,School of Programming,"Introduciton to Programming Languages, Validate and Process Strings, HTML and JavaScript, Build your own web browser",intermediate,Free Course,Free,2 months,Westley Weimer
69,Intro to Artificial Intelligence,https://www.udacity.com/course/intro-to-artificial-intelligence--cs271,School of Artificial Intelligence,"Artificial Intelligence, Machine Learning, Probability, Logic and Planning, Markov models",intermediate,Free Course,Free,4 Months,"Peter Norvig, Sebastian Thrun"
70,Interactive 3D Graphics,https://www.udacity.com/course/interactive-3d-graphics--cs291,School of Programming,"Animated 3D Demo Program, Computer Image Generation, Programming Vertex and Pixel Shaders",intermediate,Free Course,Free,2 months,"Eric Haines, Gundega Dekena"
71,Intro to Theoretical Computer Science,https://www.udacity.com/course/intro-to-theoretical-computer-science--cs313,School of Programming,"theoretical computer science, NP-completeness, Recognizing algorithmic problems, Solving algorithmic problems",intermediate,Free Course,Free,2 months,"Sebastian Wernicke, Sean Bennett, Sarah Norell"
72,Artificial Intelligence for Robotics,https://www.udacity.com/course/artificial-intelligence-for-robotics--cs373,School of Artificial Intelligence,"Probabilistic Models, Kalman Filters, Motion Planning, Robot Control, Simultaneous Localization & Mapping",advanced,Free Course,Free,2 Months,Sebastian Thrun
73,Applied Cryptography,https://www.udacity.com/course/applied-cryptography--cs387,School of Programming,"Cryptography, Ciphers, Encryption",advanced,Free Course,Free,2 months,Dave Evans
74,Intro to the Design of Everyday Things,https://www.udacity.com/course/intro-to-the-design-of-everyday-things--design101,,"Design, Conceptual Models, UI, UX",beginner,Free Course,Free,2 weeks,"Don Norman, Kristian Simsarian, Chelsey Glasson"
75,How to Build a Startup,https://www.udacity.com/course/how-to-build-a-startup--ep245,School of Business,"Entrepreneurship, Value Proposition, Revenue Models, Customer Segments",intermediate,Free Course,Free,1 months,"Steve Blank, Kathleen Mullaney"
76,OMSCS Student Orientation,https://www.udacity.com/course/omscs-student-orientation--gt101,,Georgia Institute of Technology,beginner,Free Course,Free,0,David Joyner
77,Intro to Physics,https://www.udacity.com/course/intro-to-physics--ph100,School of Programming,"Kinematics, Dynamics, Trigonometry, Periodic Motion, Electricity",beginner,Free Course,Free,2 months,Andy Brown
78,Intro to Psychology,https://www.udacity.com/course/intro-to-psychology--ps001,School of Programming,"Pyschology, Research Methods, Biology",beginner,Free Course,Free,4 months,"Susan Snycerski, Greg Feist, Lauren Castellano"
79,Statistics,https://www.udacity.com/course/statistics--st095,School of Programming,"Statistical Research Methods, Data Visualization, Distributions, Hypothesis Testing, Regression",beginner,Free Course,Free,4 months,"Sean Laraway, Ronald Rogers, Katie Kormanik"
80,Intro to Statistics,https://www.udacity.com/course/intro-to-statistics--st101,School of Programming,"Probability, Descriptive Statistics, Inferential Statistics",beginner,Free Course,Free,2 Months,Sebastian Thrun
81,Intro to HTML and CSS,https://www.udacity.com/course/intro-to-html-and-css--ud001,School of Programming,"HTML, CSS, CSS Syntax, HTML Syntax Problem Set",beginner,Free Course,Free,3 Weeks,"Cameron Pittman, James Parkes"
82,High Performance Computer Architecture,https://www.udacity.com/course/high-performance-computer-architecture--ud007,School of Programming,"Processor Pipelining, Branch Prediction, Instruction Scheduling, Memory Ordering, Multiprocessor Architectures",advanced,Free Course,Free,0,"Milos Prvulovic, Catherine Gamboa"
83,Data Wrangling with MongoDB,https://www.udacity.com/course/data-wrangling-with-mongodb--ud032,School of Programming,"Gathering Data, Assessing Data, Cleaning Data, Data Wrangling, MongoDB",intermediate,Free Course,Free,2 months,"Gundega Dekena, Shannon Bradshaw"
84,Firebase in a Weekend: iOS,https://www.udacity.com/course/firebase-in-a-weekend-by-google-ios--ud0351,School of Programming,Android Development,intermediate,Free Course,Free,2 days,"Frank van Puffelen, Laurence Moroney, Jarrod Parkes, Jennifer Person"
85,Firebase in a Weekend: Android,https://www.udacity.com/course/firebase-in-a-weekend-by-google-android--ud0352,School of Programming,Android Development,intermediate,Free Course,Free,2 days,"Laurence Moroney, Frank van Puffelen, Lyla Fujiwara, Daniel Mai"
86,"Computability, Complexity & Algorithms",https://www.udacity.com/course/computability-complexity-algorithms--ud061,School of Programming,Georgia Institute of Technology,advanced,Free Course,Free,0,"Charles Brubaker, Lance Fortnow, Hariharan Venkateswaran"
87,Full Stack Foundations,https://www.udacity.com/course/full-stack-foundations--ud088,School of Programming,"Flask, CRUD, Model-View-Controller, Python, Object-relational Mapping",intermediate,Free Course,Free,3 weeks,Lorenzo Brown
88,GT - Refresher - Advanced OS,https://www.udacity.com/course/gt-refresher-advanced-os--ud098,School of Programming,"Operating Systems, Virtual Memory, File Systems, Multithreaded Programming, Networking",intermediate,Free Course,Free,3 weeks,Charles Brubaker
89,Machine Learning Interview Preparation,https://www.udacity.com/course/machine-learning-interview-prep--ud1001,Career Advancement,"Interview practice, Machine Learning, Career Advancement",intermediate,Free Course,Free,1 week,"Arpan Chakraborty, Brynn Claypoole, Horatio Thomas"
90,Deploying a Hadoop Cluster,https://www.udacity.com/course/deploying-a-hadoop-cluster--ud1000,School of Programming,"Data Analysis, Hadoop, MapReduce",intermediate,Free Course,Free,3 weeks,Mat Leonard
91,Data Visualization in Tableau,https://www.udacity.com/course/data-visualization-in-tableau--ud1006,School of Programming,"Tableau, Design of Visualizations, Visual Encodings",beginner,Free Course,Free,3 weeks,Mat Leonard
92,Objective-C for Swift Developers,https://www.udacity.com/course/objective-c-for-swift-developers--ud1009,School of Programming,"iOS, Swift, Objective-C, Control Flow Syntax",intermediate,Free Course,Free,5 weeks,Gabrielle Miller-Messner
93,Data Structures & Algorithms in Swift,https://www.udacity.com/course/data-structures-and-algorithms-in-swift--ud1011,Career Advancement,"Interview practice, Swift, Data structures, Career Advancement",intermediate,Free Course,Free,4 weeks,"Brynn Claypoole, Horatio Thomas"
94,Introduction to Virtual Reality,https://www.udacity.com/course/introduction-to-virtual-reality--ud1012,School of Programming,"VR development, Unity, Google VR SDK for Unity, General understanding of how VR works, Deploying to Android and iOS",beginner,Free Course,Free,2 weeks,"Matt Sonic, Vasanth Mohan"
95,VR Scenes and Objects,https://www.udacity.com/course/vr-scenes-and-objects--ud1013,,"VR development, Unity, Google VR SDK for Unity, Game Objects, Materials",beginner,Free Course,Free,2 weeks,"Matt Sonic, Vasanth Mohan"
96,VR Software Development,https://www.udacity.com/course/vr-software-development--ud1014,,"VR development, Unity, Google VR SDK for Unity, C#, UI interfaces and interaction",beginner,Free Course,Free,1 months,"Austin McCasland, Chris Birke, Vasanth Mohan, Matt Sonic"
97,Swift for Beginners,https://www.udacity.com/course/swift-for-beginners--ud1022,School of Programming,"Variables and Constants, Strings, Control Flow, Functions",beginner,Free Course,Free,7 days,Jarrod Parkes
98,Swift for Developers,https://www.udacity.com/course/swift-for-developers--ud1025,School of Programming,"Variables and Constants, Strings, Control Flow, Functions",beginner,Free Course,Free,7 days,Gabrielle Miller-Messner
99,AutoLayout,https://www.udacity.com/course/auto-layout--ud1026,School of Programming,"Design, UI, Stack Views, Constraints",intermediate,Free Course,Free,6 days,Fernando Rodriguez
100,Passwordless Login Solutions for iOS,https://www.udacity.com/course/passwordless-login-solutions-for-ios--ud1028,School of Programming,"Account Kit, Facebook SDK, Graph API",intermediate,Free Course,Free,1 weeks,Gabrielle Miller-Messner
101,Server-Side Swift,https://www.udacity.com/course/server-side-swift--ud1031,School of Programming,"Swift Package Manager, MySQL, Docker, Terraform, Microservices",intermediate,Free Course,Free,2 weeks,"Jarrod Parkes, Nic Jackson"
102,Mobile Design and Usability for iOS,https://www.udacity.com/course/mobile-design-and-usability-for-ios--ud1034,School of Programming,"Product Design, Prototyping",intermediate,Free Course,Free,2 weeks,"Jeff Hilnbrand, Nick Leggett, Gabrielle Miller-Messner"
103,Core ML: Machine Learning for iOS,https://www.udacity.com/course/core-ml--ud1038,School of Programming,"iOS, Image Classification, Core ML",intermediate,Free Course,Free,1 weeks,"Jarrod Parkes, Meghan Kane"
104,Eigenvectors and Eigenvalues,https://www.udacity.com/course/eigenvectors-and-eigenvalues--ud104,School of Artificial Intelligence,"Linear Algebra, Eigenvectors, Eigenvalues",beginner,Free Course,Free,1 weeks,Ortal Arel
105,Asynchronous JavaScript Requests,https://www.udacity.com/course/asynchronous-javascript-requests--ud109,School of Programming,"Asynchronous Data Retrieval, Ajax with XHR, Ajax with jQuery, Ajax with Fetch",intermediate,Free Course,Free,3 weeks,Richard Kalehoff
106,Intro to AJAX,https://www.udacity.com/course/intro-to-ajax--ud110,School of Programming,"Asynchronous requests with JavaScript, Data APIs, Web Applications, Site Customization",intermediate,Free Course,Free,2 weeks,Cameron Pittman
107,Learn ARKit using Unity,https://www.udacity.com/course/learn-arkit-using-unity--ud114,,"Anchor Points, ARKit Events, Lighting and Shadows, Build an AR app from scratch, Visual Inertial Odometry, Anchor 3D objects to real-world positions, Use ARKit’s positional tracking, Raycasting and Hit testing",intermediate,Free Course,Free,1 month,"Chris Arriola, Vasanth Mohan"
108,Learn ARKit using Swift,https://www.udacity.com/course/learn-arkit-using-swift--ud116,,"Degrees of freedom, Hit testing, Particle Systems, Build an AR app from scratch, Anchor 3D objects to real-world positions, Apply physics to 3D objects, Add objects to a scene, Use lighting and shadows",intermediate,Free Course,Free,1 month,"Chris Arriola, Vasanth Mohan"
109,Introduction to Python Programming,https://www.udacity.com/course/introduction-to-python--ud1110,School of Programming,,beginner,Free Course,Free,5 Weeks,Juno Lee
110,JavaScript and the DOM,https://www.udacity.com/course/javascript-and-the-dom--ud117,School of Programming,,intermediate,Free Course,Free,4 weeks,Richard Kalehoff
111,Introduction to Machine Learning Course,https://www.udacity.com/course/intro-to-machine-learning--ud120,School of Artificial Intelligence,"Machine Learning, Supervised Learning, Unsupervised Learning, Evaluation Metrics, Data Manipulation",intermediate,Free Course,Free,10 Weeks,"Katie Malone, Sebastian Thrun"
112,Version Control with Git,https://www.udacity.com/course/version-control-with-git--ud123,School of Programming,"Git, Version Control, Creating a Git repo, Editing commits",beginner,Free Course,Free,4 weeks,Richard Kalehoff
113,Introduction to Cybersecurity,https://www.udacity.com/course/introduction-to-cybersecurity--ud1337,School of Programming,Chronicle,intermediate,Free Course,Free,4 weeks,"Richard Kalehoff, Wael Ghandour, Julia Chernushevich, Nidhi Rastogi"
114,Database Systems Concepts & Design,https://www.udacity.com/course/database-systems-concepts-design--ud150,School of Programming,"Database Management Systems, Relational Algebra, Sequential Query Language, Data Indexing, SQL Injection",intermediate,Free Course,Free,16 weeks,"Leo Mark, Shabana Figueroa"
115,Intro to Point & Click App Development,https://www.udacity.com/course/intro-to-point-click-app-development--ud162,School of Programming,"Salesforce App Development, Schema Building, Data Modeling",beginner,Free Course,Free,1 months,"Samantha Ready, Mario Korf, Andy Brown"
116,Compilers: Theory and Practice,https://www.udacity.com/course/compilers-theory-and-practice--ud168,School of Programming,"Compilers, Semantic Analysis, Syntax Directed Translation, Control Flow Analysis",intermediate,Free Course,Free,0,"Santosh Pande, Catherine Gamboa"
117,Embedded Systems,https://www.udacity.com/course/embedded-systems--ud169,School of Programming,"VLIW Architecture, Compilers for Embedded Systems, Differential Register Allocation, Network Processors, Multithreaded Processing",intermediate,Free Course,Free,16 weeks,"Santosh Pande, Catherine Gamboa"
118,Intro to Data Analysis,https://www.udacity.com/course/intro-to-data-analysis--ud170,School of Data Science,"Data Analysis, Python, numpy, pandas",beginner,Free Course,Free,6 Weeks,Caroline Buckey
119,Intro to Backend,https://www.udacity.com/course/intro-to-backend--ud171,School of Programming,"User Input, Producing templated output, Databases and data stores, Secure user account systems",intermediate,Free Course,Free,3 weeks,Steve Huffman
120,Secure and Private AI,https://www.udacity.com/course/secure-and-private-ai--ud185,School of Artificial Intelligence,Facebook AI,advanced,Free Course,Free,2 months,Andrew Trask
121,Introduction to TensorFlow Lite,https://www.udacity.com/course/intro-to-tensorflow-lite--ud190,School of Artificial Intelligence,"TensorFlow Lite, Deep Learning Models, Android, iOS, Linux",intermediate,Free Course,Free,2 months,"Daniel Situnayake, Paige Bailey, Juan Delgado"
122,Intro to TensorFlow for Deep Learning,https://www.udacity.com/course/intro-to-tensorflow-for-deep-learning--ud187,School of Artificial Intelligence,TensorFlow,intermediate,Free Course,Free,2 months,"Magnus Hyttsten, Juan Delgado, Paige Bailey"
123,Intro to Deep Learning with PyTorch,https://www.udacity.com/course/deep-learning-pytorch--ud188,School of Artificial Intelligence,"Deep Learning, PyTorch, Neural Networks, CNNs, LSTMs, Style Transfer",intermediate,Free Course,Free,2 months,"Luis Serrano, Alexis Cook, Soumith Chintala, Cezanne Camacho, Mat Leonard"
124,WeChat Mini Program Development,https://www.udacity.com/course/wechat-mini-programs--ud667,School of Programming,WeChat,beginner,Free Course,Free,4 weeks,"Alex Duncan, Tencent Wechat Team"
125,Advanced Operating Systems,https://www.udacity.com/course/advanced-operating-systems--ud189,School of Programming,"Operating System Kernels, Virtualization, Distributed Systems, Cloud Computing, Real-Time Operating Systems",advanced,Free Course,Free,5 weeks,"Kishore Ramachandran, Charles Brubaker"
126,Intro to Relational Databases,https://www.udacity.com/course/intro-to-relational-databases--ud197,School of Programming,"Rational databases, SQL, Python API, Python DB-API, Select and insert statements",intermediate,Free Course,Free,4 weeks,Karl Krueger
127,SQL for Data Analysis,https://www.udacity.com/course/sql-for-data-analysis--ud198,School of Data Science,Mode,beginner,Free Course,Free,4 Weeks,Derek Steer
128,Network Security,https://www.udacity.com/course/network-security--ud199,School of Programming,"Cryptography, Systems Security, Distributed Denial of Service Attacks, Penetration Testing, Botnet Detection",intermediate,Free Course,Free,16 weeks,"Wenke Lee, Catherine Gamboa"
129,Intro to Inferential Statistics,https://www.udacity.com/course/intro-to-inferential-statistics--ud201,School of Data Science,"Inferential Statistics, Hypothesis Testing, T-tests, ANOVA",beginner,Free Course,Free,2 months,"Ronald Rogers, Katie Kormanik, Sean Laraway"
130,Shell Workshop,https://www.udacity.com/course/shell-workshop--ud206,School of Programming,"Shell, Using Terminal, Running command-line programs, Customizing Shell",beginner,Free Course,Free,1 days,Karl Krueger
131,C++ For Programmers,https://www.udacity.com/course/c-for-programmers--ud210,School of Programming,"Pointers and Arrays, Control Flow, Object Oriented Programming, C++ Templates, C++ Standard Library",intermediate,Free Course,Free,3 weeks,Catherine Gamboa
132,iOS Interview Prep,https://www.udacity.com/course/ios-interview-prep--ud240,Career Advancement,"Interview practice, Common iOS Questions, Whiteboarding, Career Advancement",intermediate,Free Course,Free,1 week,Jarrod Parkes
133,Android Interview Prep,https://www.udacity.com/course/android-interview-prep--ud241,Career Advancement,"Interview practice, Common Android Questions, Whiteboarding",intermediate,Free Course,Free,1 week,Eric Gonzalez
134,Strengthen Your LinkedIn Network & Brand,https://www.udacity.com/course/strengthen-your-linkedin-network-and-brand--ud242,Career Advancement,"Personal branding, LinkedIn, Networking, Career Advancement",beginner,Free Course,Free,1 week,"Trinh Nguyen, Chris Saden"
135,Refresh Your Resume,https://www.udacity.com/course/refresh-your-resume--ud243,Career Advancement,"Resume writing, Company targeting, Storytelling, Career Advancement",beginner,Free Course,Free,2 days,Trinh Nguyen
136,Craft Your Cover Letter,https://www.udacity.com/course/craft-your-cover-letter--ud244,Career Advancement,"Creating a narrative, Targeting your pitch, Communicating value, Career Advancement",beginner,Free Course,Free,1 day,Trinh Nguyen
137,Intro to jQuery,https://www.udacity.com/course/intro-to-jquery--ud245,School of Programming,"jQuery, DOM Structure, Reading jQuery documentation, Modify HTML attributes and content",intermediate,Free Course,Free,2 days,Cameron Pittman
138,Front-End Interview Prep,https://www.udacity.com/course/front-end-interview-prep--ud250,Career Advancement,"Interview questions, Common FE Questions, Whiteboarding, Career Advancement",intermediate,Free Course,Free,1 week,Mike Wales
139,VR Interview Prep,https://www.udacity.com/course/vr-interview-prep--ud251,Career Advancement,"Interview practice, Common VR Questions, Whiteboarding, Career Advancement",intermediate,Free Course,Free,1 week,"Matt Sonic, Vasanth Mohan"
140,Full-Stack Interview Prep,https://www.udacity.com/course/full-stack-interview-prep--ud252,Career Advancement,"Interview practice, Common FS Questions, Whiteboarding, Career Advancement",intermediate,Free Course,Free,1 week,Dhruv Parthasarathy
141,Networking for Web Developers,https://www.udacity.com/course/networking-for-web-developers--ud256,School of Programming,"HTTP, Domain Name System, Ping, TCP/IP stack, IP addressing",beginner,Free Course,Free,2 weeks,Karl Krueger
142,A/B Testing,https://www.udacity.com/course/ab-testing--ud257,School of Artificial Intelligence,"A/B Testing, Experiment Design, Statistics",intermediate,Free Course,Free,1 months,"Carrie Grimes, Caroline Buckey, Diane Tang"
143,Machine Learning,https://www.udacity.com/course/machine-learning--ud262,School of Artificial Intelligence,"Supervised Learning, Unsupervised Learning, Information Theory, Reinforcement Learning, Game Theory",intermediate,Free Course,Free,4 months,"Michael Littman, Charles Isbell, Pushkar Kolhe"
144,Dynamic Web Applications with Sinatra,https://www.udacity.com/course/dynamic-web-applications-with-sinatra--ud268,School of Programming,"Ruby, Sinatra, Building web applications",intermediate,Free Course,Free,2 weeks,Colt Steele
145,The MVC Pattern in Ruby,https://www.udacity.com/course/the-mvc-pattern-in-ruby--ud270,School of Programming,"Ruby, Sinatra, MVC Design Pattern, Writing organized code",intermediate,Free Course,Free,1 weeks,Julia Van Cleve
146,Deploying Applications with Heroku,https://www.udacity.com/course/deploying-applications-with-heroku--ud272,School of Programming,"App Deployment, Heroku",intermediate,Free Course,Free,1 weeks,Diego Lugo
147,Cyber-Physical Systems Security,https://www.udacity.com/course/cyber-physical-systems-security--ud279,School of Programming,"Industrial Networks, Industrial Control Systems, Smart Grid Infrastructure, Cyber Security, Privacy",intermediate,Free Course,Free,16 weeks,"Raheem Beyah, David Joyner"
148,High Performance Computing,https://www.udacity.com/course/high-performance-computing--ud281,School of Programming,"Shared Memory Models, Parallel Algorithms, Distributed Memory Models, Message Passing Interfaces, Hierarchical Memory Models",advanced,Free Course,Free,4 months,"Rich Vuduc, Catherine Gamboa"
149,Java Programming Basics,https://www.udacity.com/course/java-programming-basics--ud282,School of Programming,"Java Programming, Java Syntax, Java Functions, Loops",beginner,Free Course,Free,6 Weeks,"Cezanne Camacho, Asser Samak"
150,Object Oriented Programming in Java,https://www.udacity.com/course/object-oriented-programming-in-java--ud283,School of Programming,"Object Oriented Programming, Java, User Interaction",intermediate,Free Course,Free,4 weeks,"Asser Samak, James Williams"
151,HTML5 Canvas,https://www.udacity.com/course/html5-canvas--ud292,School of Programming,"HTML5 Canvas, Canvas2D, Creating animation",beginner,Free Course,Free,2 weeks,"Cameron Pittman, James Williams"
152,Configuring Linux Web Servers,https://www.udacity.com/course/configuring-linux-web-servers--ud299,School of Programming,"Linux, Linux security, Apache HTTP Server, PostgreSQL database server, Python WSGI application",advanced,Free Course,Free,1 weeks,Michael Wales
153,HTTP & Web Servers,https://www.udacity.com/course/http-web-servers--ud303,School of Programming,"HTTP, Python, Deploying services",intermediate,Free Course,Free,1 weeks,Karl Krueger
154,iOS Persistence and Core Data,https://www.udacity.com/course/ios-persistence-and-core-data--ud325,School of Programming,"Data Persistence, Core Data, UserDefaults, FileManager",advanced,Free Course,Free,2 months,"Fernando Rodriguez, Eden Shapiro, Kate Rotondo"
155,Authentication & Authorization: OAuth,https://www.udacity.com/course/authentication-authorization-oauth--ud330,School of Programming,"Flask, OAuth 2.0, Authentication & Authorization, Python",intermediate,Free Course,Free,2 weeks,"Gundega Dekena, Lorenzo Brown"
156,Software Analysis & Testing,https://www.udacity.com/course/software-analysis-testing--ud333,School of Programming,"Software Testing, Debugging, Dataflow Analysis, Constraint-based Analysis, Symbolic Execution",intermediate,Free Course,Free,16 weeks,"Chris Pryby, Mayur Naik"
157,Firebase Analytics: iOS,https://www.udacity.com/course/firebase-analytics-ios--ud353,School of Programming,"Android Development, Firebase Analytics, Firebase Crash Reporting, Firebase Remote Config, Firebase Dynamic Links",intermediate,Free Course,Free,1 days,"Steve Ganem, Todd Kerpelman, Kate Rotondo, Jennifer Person"
158,Firebase Analytics: Android,https://www.udacity.com/course/firebase-analytics-android--ud354,School of Programming,"Android Development, Firebase, Analytics",intermediate,Free Course,Free,2 days,"Steve Ganem, Todd Kerpelman, Jessica Lin, Daniel Mai"
159,ES6 - JavaScript Improved,https://www.udacity.com/course/es6-javascript-improved--ud356,School of Programming,"JavaScript, ES6, Syntax, Functions",advanced,Free Course,Free,4 weeks,"Richard Kalehoff, James Parkes"
160,Passwordless Login Solutions for Android,https://www.udacity.com/course/passwordless-login-solutions-for-android--ud357,School of Programming,"Android, Passwordless Login, Account Kit",intermediate,Free Course,Free,1 weeks,"Gabrielle Miller-Messner, Sam Chordas"
161,Mobile Design and Usability for Android,https://www.udacity.com/course/mobile-design-and-usability-for-android--ud358,School of Programming,"Android, Mobile Design, Usability",intermediate,Free Course,Free,2 weeks,"Jeff Hilnbrand, Nick Leggett, Gabrielle Miller-Messner"
162,Intro to Data Science,https://www.udacity.com/course/intro-to-data-science--ud359,School of Data Science,"Data Analysis Process, pandas (Python package), MapReduce paradigm",intermediate,Free Course,Free,2 months,"Dave Holtz, Cheng-Han Lee"
163,Real-Time Analytics with Apache Storm,https://www.udacity.com/course/real-time-analytics-with-apache-storm--ud381,School of Artificial Intelligence,"Data Analysis, Real-time Analytics, Apache Storm",intermediate,Free Course,Free,2 weeks,"Karthik Ramasamy, Lewis Kaneshiro"
164,Designing RESTful APIs,https://www.udacity.com/course/designing-restful-apis--ud388,School of Programming,"Flask, REST APIs, Python",intermediate,Free Course,Free,3 weeks,Lorenzo Brown
165,Human-Computer Interaction,https://www.udacity.com/course/human-computer-interaction--ud400,School of Programming,"Design Principles, Direct Manipulation Interfaces, Mental Models, Distributed Cognition, Prototyping",intermediate,Free Course,Free,16 weeks,David Joyner
166,Introduction to Graduate Algorithms,https://www.udacity.com/course/introduction-to-graduate-algorithms--ud401,School of Programming,Georgia Institute of Technology,advanced,Free Course,Free,3 months,"Eric Vigoda, Arpan Chakraborty"
167,Data Analysis and Visualization,https://www.udacity.com/course/data-analysis-and-visualization--ud404,School of Data Science,"R, Data Analysis, Data Visualization, Regression",intermediate,Free Course,Free,16 weeks,Arpan Chakraborty
168,2D Game Development with libGDX,https://www.udacity.com/course/2d-game-development-with-libgdx--ud405,School of Programming,"LibGDX, Game Development, 2D",intermediate,Free Course,Free,8 weeks,"Peter Heinrich, Jeremy Silver"
169,How to Make a Platformer Using libGDX,https://www.udacity.com/course/how-to-make-a-platformer-using-libgdx--ud406,School of Programming,"LibGDX, Game Development, Asset management",intermediate,Free Course,Free,8 weeks,"Peter Heinrich, Jeremy Silver"
170,Engagement & Monetization | Mobile Games,https://www.udacity.com/course/engagement-monetization-mobile-games--ud407,School of Programming,"Game Development, Monetization, Engagement",beginner,Free Course,Free,3 weeks,"Ankur Prasad, Cezanne Camacho"
171,Knowledge-Based AI: Cognitive Systems,https://www.udacity.com/course/knowledge-based-ai-cognitive-systems--ud409,School of Artificial Intelligence,"Semantic Networks, Common-Sense Reasoning, Logic & Planning, Analogical Reasoning, Visuospatial Reasoning",advanced,Free Course,Free,7 weeks,"Ashok Goel, David Joyner"
172,iOS Networking with Swift,https://www.udacity.com/course/ios-networking-with-swift--ud421,School of Programming,"Networking, URLSession, JSON Parsing",advanced,Free Course,Free,3 months,Jarrod Parkes
173,Computer Networking,https://www.udacity.com/course/computer-networking--ud436,School of Programming,"Software-Defined Networking, Data Center Networking, Content Distribution, Congestion Control, Traffic Shaping",intermediate,Free Course,Free,3 months,"Nick Feamster, Joshua Valdez"
174,Intro to Information Security,https://www.udacity.com/course/intro-to-information-security--ud459,School of Programming,"Software Security, Cryptography, Network Security, Privacy, Public Policy",intermediate,Free Course,Free,0,"Wenke Lee, Mustaque Ahamad, Catherine Gamboa"
175,Machine Learning for Trading,https://www.udacity.com/course/machine-learning-for-trading--ud501,School of Artificial Intelligence,"Pandas, Time Series Analysis, Computational Investing, Algorithmic Trading, Reinforcement Learning for Trading",intermediate,Free Course,Free,4 months,"Tucker Balch, Arpan Chakraborty"
176,Data Visualization and D3.js,https://www.udacity.com/course/data-visualization-and-d3js--ud507,School of Artificial Intelligence,"d3.js, Design of Visualizations, Data Visualization, Visual Encodings",intermediate,Free Course,Free,7 weeks,"Ryan Orban, Chris Saden, Jonathan Dinu"
177,Product Design,https://www.udacity.com/course/product-design--ud509,School of Business,"Product Design, Design Sprints, Ideation and Validation, UI/UX",intermediate,Free Course,Free,2 Months,"Chris Saden, Amir Shevat"
178,Intro to Data Structures and Algorithms,https://www.udacity.com/course/data-structures-and-algorithms-in-python--ud513,Career Advancement,"Interview practice, Python, Data structures and Algorithms, Career Advancement",intermediate,Free Course,Free,4 weeks,"Brynn Claypoole, Horatio Thomas"
179,App Monetization,https://www.udacity.com/course/app-monetization--ud518,School of Business,"Product Design, Google Analytics",intermediate,Free Course,Free,1 months,"Jessica Uelmen, Ido Green"
180,JavaScript Testing,https://www.udacity.com/course/javascript-testing--ud549,School of Programming,"Javascript Apps, Jasmine testing framework, red-green-refactor workflow",intermediate,Free Course,Free,2 weeks,Michael Wales
181,Grand Central Dispatch (GCD),https://www.udacity.com/course/grand-central-dispatch-gcd--ud576,School of Programming,"Closures, GCD",intermediate,Free Course,Free,2 weeks,
182,Intro to iOS App Development with Swift,https://www.udacity.com/course/intro-to-ios-app-development-with-swift--ud585,School of Programming,"Swift, UIKit, AVFoundation",intermediate,Free Course,Free,1 months,Jarrod Parkes
183,Linux Command Line Basics,https://www.udacity.com/course/linux-command-line-basics--ud595,School of Programming,"Command line interface (Linux server), Terminal and Shell (GNU Bash), Linux filesystem, Shell commands",beginner,Free Course,Free,1 weeks,"Philip Mallory, Karl Krueger"
184,Reinforcement Learning,https://www.udacity.com/course/reinforcement-learning--ud600,School of Artificial Intelligence,"Temporal Difference Learning, Value Iteration, Policy Iteration, Reward Shaping, Game Theory",advanced,Free Course,Free,4 months,"Charles Isbell, Michael Littman, Chris Pryby"
185,How to Make an iOS App,https://www.udacity.com/course/how-to-make-an-ios-app--ud607,School of Programming,"iOS, Ideation and Research, UI, App Store",advanced,Free Course,Free,3 months,Jessica Uelmen
186,Localization Essentials,https://www.udacity.com/course/localization-essentials--ud610,School of Programming,"Localization, Google Translator Toolkit, Localization at Google",beginner,Free Course,Free,2 weeks,"Christina Hayek, Svein Hermansen"
187,Intro to DevOps,https://www.udacity.com/course/intro-to-devops--ud611,School of Programming,"DevOps, CAMS principles, Continuous Integration, Delivery workflows",advanced,Free Course,Free,3 weeks,"Karl Krueger, Dwayne Lessner, Gundega Dekena"
188,Scalable Microservices with Kubernetes,https://www.udacity.com/course/scalable-microservices-with-kubernetes--ud615,School of Programming,"Microservices, Docker, Kubernetes, Deploying Microservices",intermediate,Free Course,Free,1 months,"Carter Morgan, Kelsey Hightower, Gundega Dekena"
189,Intro to Hadoop and MapReduce,https://www.udacity.com/course/intro-to-hadoop-and-mapreduce--ud617,School of Artificial Intelligence,"Big Data, Hadoop, MapReduce",intermediate,Free Course,Free,1 months,"Sarah Sproehnle, Ian Wrigley, Gundega Dekena"
190,Data Analysis with R,https://www.udacity.com/course/data-analysis-with-r--ud651,School of Artificial Intelligence,"R, Exploratory Data Analysis, Data Visualization",intermediate,Free Course,Free,2 months,"Moira Burke, Chris Saden, Solomon Messing, Dean Eckles"
191,Object-Oriented JavaScript,https://www.udacity.com/course/object-oriented-javascript--ud711,School of Programming,"Object Oriented Javascript, Object-oriented programming, Data and functionality, Prototypal inheritance",intermediate,Free Course,Free,3 weeks,Richard Kalehoff
192,App Marketing,https://www.udacity.com/course/app-marketing--ud719,School of Business,"App Marketing, User Segmentation, Customer Acquisition",intermediate,Free Course,Free,2 weeks,"Lauren Castellano, Roni Bonjack"
193,Rapid Prototyping,https://www.udacity.com/course/rapid-prototyping--ud723,School of Business,"Prototyping, User Research, inVision",intermediate,Free Course,Free,3 weeks,"Jay Harman, Carl Sziebert"
194,Machine Learning: Unsupervised Learning,https://www.udacity.com/course/machine-learning-unsupervised-learning--ud741,School of Artificial Intelligence,"Randomized Optimization, Clustering, Feature Selection, Feature Transformation, Information Theory",intermediate,Free Course,Free,1 months,"Charles Isbell, Michael Littman, Pushkar Kolhe"
195,Big Data Analytics in Healthcare,https://www.udacity.com/course/big-data-analytics-in-healthcare--ud758,School of Artificial Intelligence,"Data Analytics, Health Care Applications, Algorithms",intermediate,Free Course,Free,0,"Jimeng Sun, David Joyner"
196,Xcode Debugging,https://www.udacity.com/course/xcode-debugging--ud774,School of Programming,"Debugging, LLDB",advanced,Free Course,Free,3 weeks,Jarrod Parkes
197,Writing READMEs,https://www.udacity.com/course/writing-readmes--ud777,School of Programming,"README, Markdown, Making code easier to read",beginner,Free Course,Free,3 days,Walter Latimer
198,UIKit Fundamentals,https://www.udacity.com/course/uikit-fundamentals--ud788,School of Programming,"AutoLayout, Navigation, Table Views, Collection Views",intermediate,Free Course,Free,2 months,Gabrielle Miller-Messner
199,Intro to JavaScript,https://www.udacity.com/course/intro-to-javascript--ud803,School of Programming,"JavaScript, Conditionals, Loops, Data Types & Variables",beginner,Free Course,Free,2 Weeks,"Julia Van Cleve, James Parkes"
200,Software Development Process,https://www.udacity.com/course/software-development-process--ud805,School of Programming,"Software Development Life Cycle, Requirements Engineering, Design Patterns, Black-Box & White-Box Testing, Agile Development Methodology",intermediate,Free Course,Free,3 months,"Alex Orso, Sarah Spikes"
201,Get Your Startup Started,https://www.udacity.com/course/get-your-startup-started--ud806,School of Business,"Entrepreneurship, Bootstrapping",intermediate,Free Course,Free,3 weeks,"Shanea King-Roberson, Joe Nyzio"
202,How to Install Android Studio,https://www.udacity.com/course/how-to-install-android-studio--ud808,School of Programming,"Android, Android Studio, Java",beginner,Free Course,Free,1 day,Lyla Fujiwara
203,Health Informatics in the Cloud,https://www.udacity.com/course/health-informatics-in-the-cloud--ud809,,"Health Information Exchange, Security and Trust, Interoperability Standards, Data Collection & Visualization",beginner,Free Course,Free,5 weeks,"Mark Braunstein, Matthew Cook"
204,Introduction to Computer Vision,https://www.udacity.com/course/introduction-to-computer-vision--ud810,School of Artificial Intelligence,"Image Processing, Stereo Geometry, Feature Detection & Matching, Object Tracking, Classification & Recognition",intermediate,Free Course,Free,4 months,"Aaron Bobick, Irfan Essa, Arpan Chakraborty"
205,Intro to Progressive Web Apps,https://www.udacity.com/course/intro-to-progressive-web-apps--ud811,School of Programming,"Progressive Web Apps, Service Workers, Web App Manifest, Offline apps",intermediate,Free Course,Free,2 weeks,"Pete LePage, Michael Wales"
206,Software Architecture & Design,https://www.udacity.com/course/software-architecture-design--ud821,School of Programming,"Unified Modeling Language, Object Constraint Language, Software Architecture, Software Design, Code Review",intermediate,Free Course,Free,2 months,"Spencer Rugaber, Eric Feron, Jarrod Parkes"
207,Android Performance,https://www.udacity.com/course/android-performance--ud825,School of Programming,"Android Development, Performance, Optimization",advanced,Free Course,Free,4 weeks,"Colt McAnlis, Chris Lei"
208,Intro to Descriptive Statistics,https://www.udacity.com/course/intro-to-descriptive-statistics--ud827,School of Artificial Intelligence,"Descriptive Statistics, Estimation, Central Limit Theorem",beginner,Free Course,Free,2 months,"Ronald Rogers, Katie Kormanik, Sean Laraway"
209,Android Basics: User Interface,https://www.udacity.com/course/android-basics-user-interface--ud834,School of Programming,"Android Development, Building Layouts, Android Studio, Views and ViewGroups, Styling",beginner,Free Course,Free,2 Weeks,"Katherine Kuan, Kunal Chawla"
210,Android Basics: User Input,https://www.udacity.com/course/android-basics-user-input--ud836,School of Programming,"Android Development, Java, Object Oriented Programming, Conditional Code, Methods, Variables",beginner,Free Course,Free,4 weeks,"Katherine Kuan, Kunal Chawla, Lyla Fujiwara"
211,Android Basics: Multiscreen Apps,https://www.udacity.com/course/android-basics-multiscreen-apps--ud839,School of Programming,"Android Development, Intents and Activities, Data, Loops and Custom Classes, Images and Visual Polish, Audio and Libraries",beginner,Free Course,Free,2 months,"Katherine Kuan, Jessica Lin"
212,Android Basics: Networking,https://www.udacity.com/course/android-basics-networking--ud843,School of Programming,"Android Development, JSON Parsing, HTTP Networking, Threads and Parallelism, Control Flow and Conditionals, Preferences",beginner,Free Course,Free,5 weeks,"Chris Lei, Joe Lewis"
213,Android Basics: Data Storage,https://www.udacity.com/course/android-basics-data-storage--ud845,School of Programming,"Android Development, SQLite, ContentProvider, CursorAdapter & CursorLoader, Database, Design",beginner,Free Course,Free,8 weeks,"Katherine Kuan, Jessica Lin"
214,UX Design for Mobile Developers,https://www.udacity.com/course/ux-design-for-mobile-developers--ud849,School of Programming,"Android, UX Design, User-Centered Design",beginner,Free Course,Free,6 weeks,"Nazmul Idris, Izabel Grey, Andy Brown"
215,Developing Android Apps,https://www.udacity.com/course/new-android-fundamentals--ud851,School of Programming,"Android Development, Layouts, Intents, UI",intermediate,Free Course,Free,60 Hours,"Dan Galpin, Lyla Fujiwara, Reto Meier, Asser Samak, James Williams, Cezanne Camacho, Michael Lustig, Jocelyn Becker Prog"
216,Advanced Android App Development,https://www.udacity.com/course/advanced-android-app-development--ud855,School of Programming,"Android Development, Fragments, Libraries, Firebase, Espresso",advanced,Free Course,Free,6 weeks,"Lyla Fujiwara, Cezanne Camacho, Asser Samak, Nikita Gamolsky, Jessica Lin, Dan Galpin"
217,Browser Rendering Optimization,https://www.udacity.com/course/browser-rendering-optimization--ud860,School of Programming,"Browser Rendering Response, Animation, Idle and Load (RAIL), Optimizing JavaScript, How to debug an app",advanced,Free Course,Free,1 months,"Cameron Pittman, Paul Lewis"
218,Material Design for Android Developers,https://www.udacity.com/course/material-design-for-android-developers--ud862,School of Programming,"Android Development, Material Design, Surfaces, Graphic Design",intermediate,Free Course,Free,4 weeks,"Roman Nurik, James Williams, Nick Butcher"
219,Google Maps APIs,https://www.udacity.com/course/google-maps-apis--ud864,School of Programming,"Google Maps APIs, Static Maps, Street View imagery, monitoring API usage",intermediate,Free Course,Free,2 weeks,"Emily Keller, Ajay Hemnani, Michael Wales"
220,Gradle for Android and Java,https://www.udacity.com/course/gradle-for-android-and-java--ud867,School of Programming,"Android Development, Gradle, Java",advanced,Free Course,Free,6 weeks,"Jeremy Silver, Mark Vieira"
221,Responsive Images,https://www.udacity.com/course/responsive-images--ud882,School of Programming,"Responsive Images, Mobile Image debugging, Creating responsive graphics",intermediate,Free Course,Free,2 weeks,"Cameron Pittman, Sam Dutton"
222,Website Performance Optimization,https://www.udacity.com/course/website-performance-optimization--ud884,School of Programming,"Chrome Developer Tools, DOM and CSSOM, Critical Rendering Path HTML, CSS and JavaScript optimizations",intermediate,Free Course,Free,1 weeks,"Cameron Pittman, Ilya Grigorik"
223,Kotlin for Android Developers,https://www.udacity.com/course/kotlin-for-android-developers--ud888,School of Programming,"Kotlin, Android",advanced,Free Course,Free,1 weeks,"Aaron Sarazan, Jose Nieto Rubio"
224,Advanced Android with Kotlin,https://www.udacity.com/course/advanced-android-with-kotlin--ud940,School of Programming,"Kotlin, Android",intermediate,Free Course,Free,2 months,"Murat Yener, Aleks Haeky, Sean McQuillan, Chet Hasse, Meghan Mehta, Lyla Fujiwara, Caren Chang"
225,Building High Conversion Web Forms,https://www.udacity.com/course/building-high-conversion-web-forms--ud890,School of Programming,"Research HTML5 input types, Datalist input, User input validation with HTML5 attributes, Validate user input using JavaScript, Optimizing forms",intermediate,Free Course,Free,2 weeks,"Ido Green, Cameron Pittman"
226,Web Accessibility,https://www.udacity.com/course/web-accessibility--ud891,School of Programming,"Accessibility, Screen Readers, Focus, Semantics, ARIA",advanced,Free Course,Free,2 weeks,"Alice Boxhall, Rob Dodson, Michael Wales"
227,Web Tooling & Automation,https://www.udacity.com/course/web-tooling-automation--ud892,School of Programming,"Installing Sublime Text, Installing Plugins, Gulp, Live Editing, ESLint",intermediate,Free Course,Free,3 weeks,"Paul Bakaus, James Williams"
228,Responsive Web Design Fundamentals,https://www.udacity.com/course/responsive-web-design-fundamentals--ud893,School of Programming,"Responsive design patterns, Remote debugging and emulation, Optimizing layout, CSS media queries, CSS flexbox",intermediate,Free Course,Free,2 weeks,"Cameron Pittman, Pete LePage"
229,Front End Frameworks,https://www.udacity.com/course/front-end-frameworks--ud894,School of Programming,"Single Page Applications, Building Angular apps, Building Ember apps, Underscore's template function, Backbone events and routing",advanced,Free Course,Free,8 weeks,Richard Kalehoff
230,Client-Server Communication,https://www.udacity.com/course/client-server-communication--ud897,School of Programming,"HTTP request and response cycle, HTTP headers and verbs, HTTP/1 and HTTP/2 capabilities, HTTPS, Client-Server Communication",advanced,Free Course,Free,5 weeks,"Surma, Richard Kalehoff"
231,JavaScript Promises,https://www.udacity.com/course/javascript-promises--ud898,School of Programming,"Native JavaScript Promises, Asynchronous code, Advanced error handling, Generating sequences of async work",advanced,Free Course,Free,3 weeks,Cameron Pittman
232,Offline Web Applications,https://www.udacity.com/course/offline-web-applications--ud899,School of Programming,"Developing offline-first applications, Understanding Lie-Fi, Service Worker DevTools, IndexedDB, IndexedDB asset caching",intermediate,Free Course,Free,3 weeks,Michael Wales
233,Kotlin Bootcamp for Programmers,https://www.udacity.com/course/kotlin-bootcamp-for-programmers--ud9011,School of Programming,Android Development,intermediate,Free Course,Free,2 weeks,"Aleks Haecky, Sean McQuillan, Asser Samak"
234,Developing Android Apps with Kotlin,https://www.udacity.com/course/developing-android-apps-with-kotlin--ud9012,School of Programming,Android Development,intermediate,Free Course,Free,2 months,"Lyla Fujiwara, Dan Galpin, Aleks Haecky, Sean McQuillan, Asser Samak"
235,Learn Swift Programming Syntax,https://www.udacity.com/course/learn-swift-programming-syntax--ud902,School of Programming,"Variables and Constants, Control Flow, Functions, Optionals, OOP",intermediate,Free Course,Free,3 weeks,Gabrielle Miller-Messner
236,Build Native Mobile Apps with Flutter,https://www.udacity.com/course/build-native-mobile-apps-with-flutter--ud905,School of Programming,Android Development,intermediate,Free Course,Free,2 Weeks,"Mary Xia, Matt Sullivan, James Williams Cours"
237,Educational Technology,https://www.udacity.com/course/educational-technology--ud915,,"Educational Technology & Research, Online Learning, Game-based Learning, Communities of Practice, Ethics & Privacy in EdTech",beginner,Free Course,Free,16 weeks,David Joyner
238,Model Building and Validation,https://www.udacity.com/course/model-building-and-validation--ud919,School of Artificial Intelligence,"Questioning, Modeling, Validation, Data Analysis, QMV Process",advanced,Free Course,Free,8 weeks,"Don Dini, Rishi Pravahan"
239,Introduction to Operating Systems,https://www.udacity.com/course/introduction-to-operating-systems--ud923,School of Programming,"Processes & Threads, Memory Management, Inter-Process Communication, Resource Virtualization, Distributed File Systems",intermediate,Free Course,Free,2 months,"Ada Gavrilovska, Jarrod Parkes"
240,Data Science Interview Prep,https://www.udacity.com/course/data-science-interview-prep--ud944,Career Advancement,"Interview practice, Common Data Questions, Data Structures, Career Advancement",intermediate,Free Course,Free,1 week,"Arpan Chakraborty, Jimmy Lafontaine Rivera"
241,Linear Algebra Refresher Course,https://www.udacity.com/course/linear-algebra-refresher-course--ud953,School of Artificial Intelligence,"Algebra, Python, Vectors, Intersections",intermediate,Free Course,Free,4 months,Chris Pryby
242,Artificial Intelligence,https://www.udacity.com/course/artificial-intelligence--ud954,School of Artificial Intelligence,"Artificial Intelligence, Probability, Bayesian Networks, Logic and Planning, Machine Learning",intermediate,Free Course,Free,4 months,Thad Starner
243,Computational Photography,https://www.udacity.com/course/computational-photography--ud955,,"Digital Imaging, Panorama & Morphing, Light Field, High Dynamic Range, Video Stabilization",intermediate,Free Course,Free,4 months,"Irfan Essa, David Joyner, Arpan Chakraborty"
244,Problem Solving with Advanced Analytics,https://www.udacity.com/course/problem-solving-with-advanced-analytics--ud976,School of Business,Linear Regression,beginner,Free Course,Free,2 weeks,Patrick Nussbaumer
245,Creating an Analytical Dataset,https://www.udacity.com/course/creating-an-analytical-dataset--ud977,School of Business,"Data Issues, Data Formatting, Data Blending",beginner,Free Course,Free,2 weeks,Maureen Wolfson
246,Classification Models,https://www.udacity.com/course/classification-models--ud978,School of Business,"Binary Classication Models, Non-Binary Classification Models",intermediate,Free Course,Free,2 weeks,Ben Burkholder
247,A/B Testing for Business Analysts,https://www.udacity.com/course/ab-testing--ud979,School of Business,"A/B Randomized Design Tests, A/B Matched Pair Design Tests",intermediate,Free Course,Free,3 weeks,Patrick Nussbaumer
248,Time Series Forecasting,https://www.udacity.com/course/time-series-forecasting--ud980,School of Business,"Time Series Forecasting, ETS Models, ARIMA Models",intermediate,Free Course,Free,3 weeks,Tony Moses
249,Segmentation and Clustering,https://www.udacity.com/course/segmentation-and-clustering--ud981,School of Business,"Variable Reduction, Clustering Models design",intermediate,Free Course,Free,3 weeks,Rod Light
250,Cyber-Physical Systems Design & Analysis,https://www.udacity.com/course/cyber-physical-systems-design-analysis--ud9876,School of Autonomous Systems,Georgia Institute of Technology,advanced,Free Course,Free,16 weeks,"Eric Feron, Pablo Afman, Jerome Hughes, Bruce Lewis"
251,JavaScript Design Patterns,https://www.udacity.com/course/javascript-design-patterns--ud989,School of Programming,"Separating concerns, Code organization, Using an Organizational Library, KnockoutJS",advanced,Free Course,Free,6 weeks,Ben Jaffe
252,What is Programming?,https://www.udacity.com/course/what-is-programming--ud994,School of Programming,,beginner,Free Course,Free,1 day,Richard Kalehoff
